"Year","Experiment","mean_bac_biomass","mean_fish_biomass","mean_zoo_biomass","mean_phy_biomass","mean_abs_bac_biomass","mean_abs_phy_biomass","mean_abs_zoo_biomass","mean_abs_fish_biomass","sd_zoo_biomass","sd_phy_biomass","sd_bac_biomass","sd_fish_biomass","bac_biomass_l","bac_biomass_u","phy_biomass_l","phy_biomass_u","fish_biomass_l","fish_biomass_u","zoo_biomass_l","zoo_biomass_u","mean_bac_resp","mean_zoo_resp","mean_fish_resp","sd_bac_resp","sd_zoo_resp","sd_fish_resp","bac_resp_u","bac_resp_l","zoo_resp_u","zoo_resp_l","fish_resp_u","fish_resp_l","mean_abs_bac_resp","mean_abs_fish_resp","mean_abs_zoo_resp"
1980,"historical",-0.174454256792054,0.264853166053887,-0.23338001312584,-0.282197752783209,0.00296572236546492,0.0152386786502933,0.0182036410238155,-0.0145669241329638,0.827134790405174,0.189736076950339,0.654343056706314,0.20674953160283,-0.828797313498368,0.479888799914259,-0.471933829733548,-0.0924616758328699,0.0581036344510575,0.471602697656717,-1.06051480353101,0.593754777279335,-0.245411169834593,-0.59778530770928,-0.102436148681993,1.41204873302566,0.924791299105694,0.0805533794163549,1.16663756319106,-1.65745990286025,0.327005991396413,-1.52257660681497,-0.0218827692656383,-0.182989528098348,-0.055462924382618,-0.000962899797610736,-0.0741253781559508
1981,"historical",-0.104258960300108,0.166292047744412,-0.124163091184032,-0.0424810149561503,0.00177240232510184,0.00229397480763211,0.00968472111235449,-0.00914606262594265,1.04000603148358,0.411748638563481,0.878832519534009,0.183240689789172,-0.983091479834117,0.7745735592339,-0.454229653519631,0.36926762360733,-0.0169486420447602,0.349532737533584,-1.16416912266761,0.915842940299544,-0.270197033442539,-0.352535767953438,-0.0641294977026124,2.01245852360901,1.15814530190543,0.0711784975725722,1.74226149016648,-2.28265555705155,0.805609533951995,-1.51068106985887,0.00704899986995979,-0.135307995275185,-0.0610645295580137,-0.000602817278404556,-0.0437144352262263
1982,"historical",0.0192279288474282,0.00643776737664824,0.156152871170512,-0.0244541884262044,-0.000326874790406279,0.00132052617501504,-0.0121799239512999,-0.000354077205715653,0.103555766554075,0.309024431828118,0.149034668387477,0.171067763999098,-0.129806739540049,0.168262597234905,-0.333478620254323,0.284570243401914,-0.16462999662245,0.177505531375746,0.0525971046164367,0.259708637724587,0.158769980794225,0.147929656931304,-0.00217814954206555,0.551815830138291,0.15183247184077,0.0662885324572301,0.710585810932516,-0.393045849344066,0.299762128772075,-0.00390281490946609,0.0641103829151645,-0.0684666819992956,0.0358820156594949,-2.04746056954162e-05,0.0183432774594817
1983,"historical",0.0613830434715658,0.0798670686958735,0.0539484978284501,0.230831932577344,-0.00104351173901662,-0.0124649243591766,-0.00420798283061911,-0.00439268877827304,0.294749282055687,0.550149190533798,0.436807433202462,0.211498006922777,-0.375424389730896,0.498190476674028,-0.319317257956454,0.780981123111142,-0.131630938226904,0.291365075618651,-0.240800784227237,0.348697779884137,-0.117321346375692,-0.0562825123052959,-0.0306417982043935,0.479017995441259,0.210686186937447,0.0819900310991714,0.361696649065567,-0.596339341816951,0.154403674632151,-0.266968699242743,0.0513482328947779,-0.112631829303565,-0.0265146242809064,-0.000288032903121299,-0.00697903152585669
1984,"historical",0.265449812226709,0.191861160121123,0.872040161914778,0.569657327330991,-0.00451264680785406,-0.0307614956758735,-0.0680191326293527,-0.0105523638066618,0.988857303915833,0.684280279401263,0.852845785769569,0.0855598230770763,-0.58739597354286,1.11829559799628,-0.114622952070272,1.25393760673225,0.106301337044047,0.277420983198199,-0.116817142001055,1.86089746583061,0.112203420059435,0.604461451201525,-0.073982548544437,1.51823661093767,0.955754353494347,0.0331996407987214,1.6304400309971,-1.40603319087823,1.56021580469587,-0.351292902292822,-0.0407829077457157,-0.107182189343158,0.0253579729334322,-0.000695435956317708,0.074953219948989
1985,"historical",0.656206429523796,0.295451295117562,1.0979065152599,-0.00877042723536774,-0.0111555093019045,0.000473603070709859,-0.0856367081902721,-0.0162498212314659,0.93044992814743,0.287139771785293,0.750955837793884,0.143340924072537,-0.0947494082700884,1.40716226731768,-0.295910199020661,0.278369344549925,0.152110371045024,0.438792219190099,0.167456587112468,2.02835644340733,0.836955038790319,0.686089127609917,-0.114308853510752,1.36925034289655,1.04815076273379,0.0557062583330117,2.20620538168687,-0.532295304106231,1.73423989034371,-0.362061635123871,-0.0586025951777406,-0.170015111843764,0.189151838766612,-0.00107450322300107,0.0850750518236298
1986,"historical",0.43920839807423,0.183748402181971,2.13007082060554,0.226559164428175,-0.00746654276726191,-0.0122341948791214,-0.166145524007232,-0.0101061621200084,2.68117346965105,0.553225864750676,0.375696051459715,0.135459588942333,0.0635123466145149,0.814904449533945,-0.326666700322501,0.779785029178851,0.0482888132396374,0.319207991124304,-0.551102649045513,4.81124429025658,0.694967833354927,1.86834227210394,-0.0708630151686324,0.935794128559805,2.54165986602054,0.0526943000251965,1.63076196191473,-0.240826295204878,4.41000213812448,-0.6733175939166,-0.0181687151434359,-0.123557315193829,0.157062730338213,-0.000666112342585145,0.231674441740889
1987,"historical",-0.0299763399349558,0.167909946059166,0.0909280659556422,-0.162863763171845,0.000509597778894248,0.00879464321127966,-0.00709238914454009,-0.00923504703325414,0.760258538980074,0.190226604218911,0.236485818729756,0.164257698964739,-0.266462158664712,0.2065094787948,-0.353090367390756,0.0273628410470655,0.00365224709442755,0.332167645023905,-0.669330473024431,0.851186604935716,-0.0828749989567904,-0.140870758749082,-0.0647400362609137,0.86610555907529,0.811635416520591,0.0638565532617846,0.7832305601185,-0.94898055803208,0.670764657771508,-0.952506175269673,-0.000883482999129159,-0.128596589522698,-0.0187297497642346,-0.000608556340852589,-0.0174679740848862
1988,"historical",0.0119846047339754,0.0581323041848518,-0.0778240537522332,0.0160987642581856,-0.000203738280477583,-0.000869333269942022,0.00607027619267419,-0.00319727673016685,0.331709594662124,0.720970789644265,0.394405818920769,0.118158462152861,-0.382421214186793,0.406390423654744,-0.70487202538608,0.737069553902451,-0.0600261579680093,0.176290766337713,-0.409533648414358,0.253885540909891,-0.0473142143059466,-0.157626756566706,-0.0221449870863505,0.623155960954509,0.353364766371829,0.0458729010917754,0.575841746648562,-0.670470175260456,0.195738009805123,-0.510991522938534,0.0237279140054249,-0.0680178881781259,-0.0106930124331439,-0.000208162878611695,-0.0195457178142715
1989,"historical",-0.414733819641235,-0.180411472807235,-0.781928811187523,-0.0254554010361839,0.007050474933901,0.00137459165595393,0.0609904472726268,0.00992263100439795,0.495350905365693,1.03876776766316,0.669060509811327,0.174650079705387,-1.08379432945256,0.254326690170092,-1.06422316869934,1.01331236662697,-0.355061552512623,-0.00576139310184792,-1.27727971655322,-0.28657790582183,-0.507250467466378,-0.532232359373996,0.0699239286542586,1.32014440608927,0.616521019877357,0.0674241594790851,0.812893938622894,-1.82739487355565,0.0842886605033615,-1.14875337925135,0.137348088133344,0.00249976917517344,-0.114638605647401,0.000657284929350031,-0.0659968125623755
1990,"historical",-0.450170074247935,-0.243470968088923,-0.477240824403201,-0.201215895645001,0.0076528912622149,0.0108656583648301,0.0372247843034497,0.0133909032448908,0.619812675843683,0.737238829532348,0.357474556278315,0.166856612610175,-0.80764463052625,-0.0926955179696208,-0.938454725177349,0.536022933887347,-0.410327580699099,-0.0766143554787481,-1.09705350024688,0.142571851440483,-0.504680099813327,-0.140631071013001,0.0941753515862507,0.98605231307038,0.476516411809046,0.0639831996076532,0.481372213257053,-1.49073241288371,0.335885340796046,-0.617147482822047,0.158158551193904,0.0301921519785976,-0.114057702557812,0.000885248304910757,-0.0174382528056121
1991,"historical",-0.398400431235987,-0.258168207089594,-0.725593435800676,0.192726145459614,0.00677280733101177,-0.0104072118548191,0.0565962879924527,0.0141992513899277,0.544264242470747,0.468956941400368,0.41262249310742,0.123519222237192,-0.811022924343407,0.0142220618714339,-0.276230795940754,0.661683086859982,-0.381687429326787,-0.134648984852402,-1.26985767827142,-0.181329193329928,-0.419612629543382,-0.369481459395567,0.0998671286394398,0.850278499815083,0.387604125547412,0.0473387955375567,0.430665870271701,-1.26989112935846,0.0181226661518451,-0.757085584942978,0.147205924176997,0.0525283331018831,-0.0948324542768043,0.000938751009210734,-0.0458157009650503
1992,"historical",-0.275612600385119,0.087932517032417,-0.630222151074183,0.0983542252036592,0.00468541420654702,-0.0053111281609976,0.0491573277837863,-0.00483628843678293,1.05301019349715,1.16176820359754,0.517397379214227,0.143781269979212,-0.793009979599346,0.241784778829108,-1.06341397839388,1.2601224288012,-0.0558487529467953,0.231713787011629,-1.68323234457133,0.422788042422968,-0.813645896968206,-0.749907033778124,-0.0337310202631359,1.04646010203886,1.1442172187059,0.0555432798568957,0.232814205070656,-1.86010599900707,0.394310184927778,-1.89412425248402,0.0218122595937598,-0.0892743001200316,-0.183883972714815,-0.000317071590473477,-0.0929884721884873
1993,"historical",0.109277876760989,0.311210519917738,0.168366803349139,-0.0659746503565703,-0.00185772390493681,0.0035626311192548,-0.0131326106612329,-0.0171165785954756,0.478920747966002,0.565231648125696,0.39685172656277,0.285780882852619,-0.287573849801782,0.506129603323759,-0.631206298482266,0.499256997769125,0.0254296370651188,0.596991402770356,-0.310553944616863,0.647287551315141,-0.697970484536,-0.262008210370166,-0.120656753934648,0.999270934519569,0.567334275210338,0.111239810164918,0.301300449983569,-1.69724141905557,0.305326064840171,-0.829342485580504,-0.00941694376973061,-0.231896564099566,-0.157741329505136,-0.00113417348698569,-0.0324890180859006
1994,"historical",0.101345863370448,0.300311750061559,0.0946136073008639,0.109263359541915,-0.00172287967729762,-0.00590022141526343,-0.00737986136946739,-0.0165171462533857,0.435944688947653,0.806636989941854,0.302990123059015,0.347343277127358,-0.201644259688567,0.404335986429463,-0.697373630399938,0.915900349483769,-0.0470315270657988,0.647655027188917,-0.341331081646789,0.530558296248517,-0.481912389549443,-0.321036518683048,-0.116542405898624,0.343942999216574,0.332413491649281,0.135449805003036,-0.137969390332868,-0.825855388766017,0.0113769729662339,-0.653450010332329,0.0189073991044122,-0.25199221090166,-0.108912200038174,-0.00109549861544707,-0.0398085283166979
1995,"historical",0.261102368710075,0.0426140752012567,-0.144452171859717,0.200105470749496,-0.00443874026807128,-0.0108056954204728,0.0112672694050579,-0.00234377413606912,0.506362629916168,0.424033504468718,0.270863281139925,0.348240860983803,-0.00976091242985,0.53196564985,-0.223928033719222,0.624138975218214,-0.305626785782546,0.39085493618506,-0.650814801775885,0.361910458056451,0.348551168798453,-0.202649099900708,-0.0165240565270712,0.267820303355976,0.552199113374088,0.135050781098759,0.616371472154428,0.080730865442477,0.34955001347338,-0.754848213274796,0.118526724571687,-0.15157483762583,0.0787725641484503,-0.000155326131354469,-0.0251284883876878
1996,"historical",0.0918466906888157,-0.208009815354065,-0.340045672091508,-0.53733142120799,-0.00156139374170987,0.0290158967452315,0.0265235624231376,0.0114405398444736,0.565200743621601,0.255897412776387,0.568886900406281,0.188633062788182,-0.477040209717465,0.660733591095097,-0.793228833984377,-0.281434008431603,-0.396642878142247,-0.0193767525658831,-0.905246415713109,0.225155071530093,0.34796436077136,-0.0511555151359354,0.0805164364322332,1.0494437429929,0.647851392996098,0.0725008710882274,1.39740810376426,-0.701479382221539,0.596695877860163,-0.699006908132033,0.153017307520461,0.00801556534400581,0.0786399455343273,0.000756854502462992,-0.00634328387685599
1997,"historical",-0.0863936817808939,-0.356706541830624,-0.280232220574694,-0.0994622084412902,0.0014686925902752,0.00537095925582967,0.0218581132048262,0.0196188598006843,0.343459022341965,0.567038021215438,0.171584351376769,0.197952050130179,-0.257978033157663,0.0851906695958749,-0.666500229656729,0.467575812774148,-0.554658591960803,-0.158754491700446,-0.62369124291666,0.063226801767271,0.340253573785897,0.214724574802404,0.137666057483144,0.723448509921933,0.26237256863474,0.0760925655614643,1.06370208370783,-0.383194936136036,0.477097143437144,-0.0476479938323357,0.213758623044609,0.06157349192168,0.0768973076756127,0.00129406094034156,0.0266258472754981
1998,"historical",-0.011221550348646,-0.394417866103743,-0.147325879053501,-0.1559975629547,0.000190766355926981,0.00842386839955381,0.011491418566173,0.0216929826357059,0.35375541594222,0.675655132527135,0.226197146387254,0.108328726930198,-0.2374186967359,0.214975596038608,-0.831652695481835,0.519657569572435,-0.502746593033942,-0.286089139173545,-0.501081294995721,0.20642953688872,0.551145565063526,0.401080341139709,0.152204588512398,0.549576648539571,0.398990213596891,0.0417222750032625,1.1007222136031,0.00156891652395552,0.8000705547366,0.00209012754281723,0.193926863515661,0.110482313509135,0.124558897704357,0.00143072313201654,0.0497339623013239
1999,"historical",-0.0718113017411032,-0.51543714847436,-0.701619019277789,-0.0373921033348063,0.00122079212959875,0.00201917358007954,0.0547262835036675,0.0283490431660898,0.500397051912615,0.564693464935729,0.315602846844938,0.115321987467849,-0.387414148586041,0.243791545103835,-0.602085568270535,0.527301361600923,-0.630759135942209,-0.400115161006511,-1.2020160711904,-0.201221967365174,0.797379789374172,0.0115749471455469,0.198525780017978,0.832674895626092,0.568572282023516,0.0443271239468641,1.63005468500026,-0.0352951062519196,0.580147229169063,-0.55699733487797,0.242852903964843,0.154198656071114,0.180207832398563,0.001866142332169,0.00143529344604782
2000,"historical",-0.432956189024896,-0.576296127892395,-0.934260356109959,-0.55957875260866,0.00736025521342324,0.0302172526408676,0.0728723077765768,0.0316962870340817,0.659058109487042,0.736516205870485,0.729872531978217,0.253305630616946,-1.16282872100311,0.296916342953321,-1.29609495847914,0.176937453261826,-0.829601758509341,-0.322990497275449,-1.593318465597,-0.275202246622917,0.0818988821320514,-0.137308693456666,0.22162493639998,1.52383144195416,0.905986229921817,0.0968864262775284,1.60573032408621,-1.44193255982211,0.76867753646515,-1.04329492337848,0.318511362677508,0.124738510122452,0.0185091473618436,0.00208327440215981,-0.0170262779886266
2001,"historical",-0.421690632107545,-0.698541473506176,0.112023178239456,0.155861944060262,0.00716874074582826,-0.00841654497925413,-0.00873780790267749,0.0384197810428397,2.92590604968185,0.204482294430987,0.838019484332818,0.273941012578615,-1.25971011644036,0.416328852225273,-0.0486203503707249,0.360344238491248,-0.972482486084791,-0.424600460927562,-2.8138828714424,3.03792922792131,0.111230960738638,1.08951407503835,0.26818906094918,1.65222853712461,3.06390265486183,0.104581215640254,1.76345949786325,-1.54099757638597,4.15341672990018,-1.97438857982349,0.372770276589434,0.163607845308926,0.0251381971269321,0.00252097717292229,0.135099745304755
2002,"historical",-0.633459435181082,-0.659629450988813,-1.15803672558431,0.205659197159086,0.0107688103980784,-0.0111055966465906,0.090326864595576,0.0362796198043847,1.00082450562696,0.155898186475187,0.914861452493029,0.326219033979741,-1.54832088767411,0.281402017311947,0.0497610106838987,0.361557383634273,-0.985848484968554,-0.333410417009071,-2.15886123121127,-0.157212219957346,-0.291698408223532,-0.247553233738869,0.253258783696179,2.06726867838288,1.19976053968327,0.124297027938293,1.77557027015935,-2.35896708660641,0.952207305944401,-1.44731377342214,0.377555811634472,0.128961755757886,-0.0659238402585182,0.00238063256674408,-0.0306966009836197
2003,"historical",-0.539840026232742,-0.677742904099289,-1.66789732311039,-0.0847300494000048,0.00917728044595662,0.00457542266760026,0.13009599120261,0.0372758597254609,1.98598080887754,0.611646183250287,0.899635725575536,0.191307620921386,-1.43947575180828,0.359795699342793,-0.696376232650292,0.526916133850282,-0.869050525020675,-0.486435283177903,-3.65387813198793,0.318083485767155,-0.0655095486770683,-0.739817925202186,0.26037109648791,1.88445875188742,1.93172295710603,0.0728321612820086,1.81894920321035,-1.94996830056449,1.19190503190385,-2.67154088230822,0.333203257769919,0.187538935205902,-0.0148051580010175,0.00244748830698636,-0.0917374227250711
2004,"historical",-0.183766564691774,-0.714534868199554,-1.07256640377439,-0.162327358765032,0.00312403159976015,0.0087656773733117,0.0836601794944027,0.0392994177509755,1.36617855926964,0.266988538819454,0.914704353013496,0.143325522246655,-1.09847091770527,0.730937788321722,-0.429315897584486,0.104661180054423,-0.857860390446209,-0.571209345952899,-2.43874496304403,0.293612155495248,0.680640483097922,-0.0866951247118501,0.274413826242111,1.70362578207653,1.39643586357812,0.0543871379450093,2.38426626517445,-1.0229852989786,1.30974073886627,-1.48313098828997,0.32880096418712,0.220026688297101,0.15382474918013,0.00257948996667584,-0.0107501954642694
2005,"historical",-0.144495852042418,-0.773443742004616,-0.938299387610661,-0.0185020998416422,0.00245642948472111,0.00099911339144868,0.0731873522336315,0.0425394058102539,1.54620017541301,0.592486943731189,0.907719006733096,0.212224291492608,-1.05221485877551,0.763223154690678,-0.610989043572831,0.573984843889547,-0.985668033497224,-0.561219450512008,-2.48449956302367,0.607900787802345,0.832861975588564,0.132941915732193,0.296764034354727,1.62498414069915,1.75818815053942,0.0808994272876387,2.45784611628772,-0.792122165110587,1.89113006627162,-1.62524623480723,0.377663461642366,0.215864607067089,0.188226806483015,0.00278958192293444,0.016484797550792
2006,"historical",-0.386043862585198,-0.944020649879787,-1.66790957174423,-0.137754816922412,0.00656274566394836,0.00743876011381026,0.13009694659605,0.0519211357433883,0.503813506949719,0.453535897888044,0.585160549434286,0.467538397530078,-0.971204412019483,0.199116686849088,-0.591290714810456,0.315781080965632,-1.41155904740986,-0.476482252349708,-2.17172307869395,-1.16409606479451,0.679761695743795,-0.371023730136784,0.360916824364708,1.59104396529158,0.628293727881576,0.177113249342466,2.27080566103537,-0.911282269547782,0.257269997744791,-0.99931745801836,0.538030073707174,0.183803575022243,0.153626143238098,0.00339261814902826,-0.0460069425369612
2007,"historical",-0.0291717017174642,-1.07776134649973,-0.768472628085849,-0.322935645936406,0.000495918929196891,0.0174385248805659,0.0599408649906962,0.059276874057485,1.18577460013296,0.470104015914202,0.608709959976994,0.452783655562769,-0.637881661694459,0.57953825825953,-0.793039661850608,0.147168369977796,-1.5305450020625,-0.624977690936959,-1.95424722821881,0.417301972047109,1.52208715745659,0.723089982310775,0.411500700237385,0.64966432787565,0.748735561338961,0.170915033713621,2.17175148533224,0.872422829580943,1.47182554364974,-0.0256455790281859,0.582415733951006,0.240585666523764,0.34399169758519,0.00386810658223142,0.0896631578065361
2008,"historical",-0.332791710861017,-1.01325305759422,-0.97576446812608,-0.343646566862874,0.00565745908463729,0.0185569146105952,0.0761096285138342,0.0557289181676819,1.48828868106174,0.441018438344103,0.82511862379753,0.271139104473746,-1.15791033465855,0.492326912936513,-0.784665005206977,0.0973718714812292,-1.28439216206796,-0.742113953120471,-2.46405314918782,0.51252421293566,0.69953961519852,0.423716574469244,0.387555109370769,1.11761800946453,1.28290217465683,0.102821329891481,1.81715762466305,-0.418078394266014,1.70661874912608,-0.859185600187587,0.490376439262249,0.284733779479288,0.158095953034866,0.00364301802808523,0.0525408552341863
2009,"historical",-0.347479199205529,-1.01668919721935,-1.0859539960647,-0.491888185019498,0.005907146386494,0.0265619619910529,0.0847044116930466,0.0559179058470644,0.7464922926415,0.670930438122388,0.38928611180026,0.24581532815471,-0.73676531100579,0.041806912594731,-1.16281862314189,0.17904225310289,-1.26250452537406,-0.770873869064643,-1.8324462887062,-0.3394617034232,0.894111127960111,0.318758482573513,0.388885933055622,0.773493389147719,0.692760639577441,0.0931895630287047,1.66760451710783,0.120617738812392,1.01151912215095,-0.374002157003928,0.482075496084327,0.295696370026917,0.202069114918985,0.00365552777072285,0.0395260518391156
2010,"historical",-0.647826317837726,-1.05076781320451,-1.29879722984069,-0.852708788602072,0.0110130474032413,0.0460462745845119,0.101306183927573,0.0577922297262479,0.844570373834547,0.382158044013138,0.400334833338318,0.343429630786737,-1.04816115117604,-0.247491484499408,-1.23486683261521,-0.470550744588934,-1.39419744399124,-0.70733818241777,-2.14336760367523,-0.454226856006139,0.331154142033455,0.149269358287683,0.401584304519824,0.944412499302413,0.625176437899896,0.129864765422716,1.27556664133587,-0.613258357268958,0.774445796187579,-0.475907079612213,0.53144906994254,0.271719539097107,0.0748408360995607,0.00377489246248634,0.0185094004276727
2011,"historical",-0.621755550701164,-1.15084872653505,-1.65161861280112,-0.831121052650998,0.0105698443619198,0.0448805368431539,0.128826251798487,0.0632966799594276,1.04440729581608,0.496299762044292,0.476707572193082,0.297235858052212,-1.09846312289425,-0.145047978508081,-1.32742081469529,-0.334821290606706,-1.44808458458726,-0.853612868482834,-2.6960259086172,-0.607211316985038,0.533081656203498,-0.0702360651898142,0.439411273192598,0.778693489664325,0.870117205324617,0.11210790132861,1.31177514586782,-0.245611833460827,0.799881140134803,-0.940353270514431,0.551519174521207,0.327303371863988,0.120476454301991,0.00413046596801042,-0.00870927208353696
2012,"historical",-0.879472965295107,-1.10973381240956,-1.96972545227158,-0.862358877411983,0.0149510404100168,0.0465673793802471,0.153638585277183,0.0610353596825259,1.35466702076772,0.120045016846415,0.625302921861228,0.291544444489077,-1.50477588715633,-0.25417004343388,-0.982403894258399,-0.742313860565567,-1.40127825689864,-0.818189367920484,-3.3243924730393,-0.615058431503856,-0.0290183927256917,-0.452409543854389,0.423908843508772,1.22879987555481,0.9781222064596,0.109849908783249,1.19978148282912,-1.2578182682805,0.525712662605211,-1.43053175031399,0.533758752292021,0.314058934725522,-0.00655815675600635,0.00398474312898245,-0.0560987834379442
2013,"historical",-0.761667937496395,-1.04914941779402,-1.52924463923985,-0.358672702880621,0.0129483549374387,0.0193683259555535,0.119281081860708,0.0577032179786709,1.49328400601958,0.649106867964683,0.710207475500719,0.229172394402884,-1.47187541299711,-0.0514604619956763,-1.0077795708453,0.290434165084062,-1.2783218121969,-0.819977023391132,-3.02252864525943,-0.0359606332202713,0.0270376002446315,-0.0887201574163281,0.401157989521929,1.1035227391919,1.20326462786117,0.0866025456861977,1.13056033943653,-1.07648513894727,1.11454447044484,-1.2919847852775,0.487760535208127,0.314555443835731,0.00611049765528673,0.00377088510150613,-0.0110012995196247
2014,"historical",-0.33081579163884,-1.13015645124959,-1.55402169255781,-0.863862000432371,0.00562386845786028,0.046648548023348,0.121213692019509,0.0621586048187272,0.948471025479535,0.775726237684342,0.250470389011365,0.16081540193307,-0.581286180650205,-0.0803454026274754,-1.63958823811671,-0.0881357627480294,-1.29097185318266,-0.969341049316515,-2.50249271803735,-0.605550667078275,1.24035690424804,0.000767763374991064,0.431786142695216,0.614779377023643,0.846006846739431,0.0604715074192854,1.85513628127169,0.6255775272244,0.846774610114423,-0.84523908336444,0.492257650114501,0.371314635275931,0.280320660360058,0.00405878974133503,9.52026584988973e-05
2015,"ssp370",-0.108139228968809,-1.21623133905511,-1.37546710167552,-0.983129757096646,0.00183836689246975,0.0530890068832189,0.107286433930691,0.066892723648031,0.887936724432339,0.391475362046437,0.425133351174864,0.13362816037345,-0.533272580143673,0.316994122206055,-1.37460511914308,-0.591654395050209,-1.34985949942856,-1.08260317868166,-2.26340382610786,-0.487530377243184,1.92559264240084,0.302652500530258,0.464221461731958,1.01743113293565,0.910895319373253,0.050117342515382,2.94302377533649,0.90816150946519,1.21354781990351,-0.608242818842996,0.51433880424734,0.414104119216576,0.43518393718259,0.0043636817402804,0.037528910065752
2016,"ssp370",-0.383055186282463,-1.41083296891624,-1.91058758049012,-1.09278437540236,0.00651193816680186,0.0590103562717276,0.149025831278229,0.0775958132903932,1.17208910003798,0.922590516541877,0.297804034779769,0.240244724960444,-0.680859221062232,-0.0852511515026934,-2.01537489194424,-0.170193858860486,-1.65107769387668,-1.17058824395579,-3.0826766805281,-0.738498480452136,1.49874497080565,0.0259428355558266,0.537130457771427,0.770307033726162,0.943942115064567,0.0902280728089898,2.26905200453182,0.728437937079491,0.969884950620393,-0.91799927950874,0.627358530580417,0.446902384962438,0.338716363402078,0.00504902630305142,0.0032169116089225
2017,"ssp370",-1.22529854727844,-1.27330420646622,-2.33262052575233,-0.592896442195634,0.0208300753037335,0.0320164078785642,0.181944401008682,0.0700317313556419,1.62238739628676,0.675740815437077,0.781356272392678,0.263700331350858,-2.00665481967112,-0.443942274885762,-1.26863725763271,0.0828443732414428,-1.53700453781707,-1.00960387511536,-3.95500792203909,-0.710233129465576,-0.556221215334593,-0.595251198287807,0.485497636277127,1.27573372445032,1.38045653238548,0.0988250782023295,0.719512509115725,-1.83195493978491,0.785205334097675,-1.97570773067329,0.584322714479456,0.386672558074798,-0.125705994665618,0.00456367778100499,-0.0738111485876881
2018,"ssp370",-0.831578314711912,-1.21070062750558,-2.10359719654432,-1.15217802975415,0.0141368313501025,0.0622176136067242,0.164080581330457,0.0665885345128068,1.35452192661058,1.05268014407729,0.437238368917126,0.279057371383823,-1.26881668362904,-0.394339945794786,-2.20485817383144,-0.0994978856768582,-1.4897579988894,-0.931643256121755,-3.4581191231549,-0.749075269933743,0.159635808013413,-0.446546997864852,0.461919714830384,0.588546787278459,1.2779168885868,0.104702237627077,0.748182595291872,-0.428910979265046,0.831369890721953,-1.72446388645166,0.566621952457461,0.357217477203307,0.0360776926110313,0.00434204531940561,-0.0553718277352417
2019,"ssp370",-0.404411715155311,-1.22393668223156,-2.13312236577893,-0.496480436765387,0.00687499915764028,0.0268099435853309,0.166383544530756,0.067316517522736,1.79405438836788,0.475997486389446,0.656862550125373,0.43577425639727,-1.06127426528068,0.252450834970062,-0.972477923154833,-0.0204829503759407,-1.65971093862884,-0.788162425834294,-3.92717675414681,-0.339067977411051,0.755543808418764,-0.460617799356397,0.466505797483784,1.25321734315811,1.57807389694085,0.163609380913033,2.00876115157687,-0.497673534739346,1.11745609758446,-2.03869169629725,0.630115178396816,0.302896416570751,0.170752900702641,0.00438515449634757,-0.0571166071201932
2020,"ssp370",-0.495822135522781,-1.37984323963987,-2.19860960091574,-0.840347506950413,0.00842897630388728,0.0453787653753223,0.171491548871428,0.075891378180193,1.02104324683248,0.628729037153115,0.442886718426342,0.385229091721953,-0.938708853949123,-0.0529354170964396,-1.46907654410353,-0.211618469797299,-1.76507233136183,-0.99461414791792,-3.21965284774821,-1.17756635408326,1.22161277843513,-0.311435303562447,0.525188450361362,0.6876234137886,0.585232922406324,0.14437221173426,1.90923619222373,0.533989364646533,0.273797618843877,-0.896668225968771,0.669560662095623,0.380816238627102,0.27608448792634,0.00493677143339681,-0.0386179776417434
2021,"ssp370",-0.494915803870551,-1.51926264700024,-1.81675210193999,-0.79396253388294,0.00841356866579937,0.0428739768296788,0.141706663951319,0.0835594455850132,1.31339234866103,0.61501500643219,0.591362815323188,0.37749265685612,-1.08627861919374,0.0964470114526368,-1.40897754031513,-0.17894752745075,-1.89675530385636,-1.14176999014412,-3.13014445060102,-0.503359753278964,1.18798472234825,0.270718139567,0.5773727584517,0.706143003221919,0.917535181962674,0.141573871666192,1.89412772557017,0.481841719126333,1.18825332152967,-0.646817042395674,0.718946630117892,0.435798886785508,0.268484547250705,0.00542730392944598,0.033569049306308
2022,"ssp370",-0.826065718497745,-1.58834912153498,-2.27191452491512,-0.731780444730647,0.0140431172144617,0.0395161440154549,0.177209332943379,0.0873592016844241,0.847749210863423,0.826628139468627,0.584683023852091,0.192833854085729,-1.41074874234984,-0.241382694645654,-1.55840858419927,0.0948476947379799,-1.78118297562071,-1.39551526744925,-3.11966373577854,-1.4241653140517,0.596141889595664,-0.0938039671027858,0.603490037474257,1.53540132678857,1.02435962266497,0.0718573522931345,2.13154321638424,-0.939259437192909,0.930555655562185,-1.11816358976776,0.675347389767392,0.531632685181123,0.13472806704862,0.00567280635225802,-0.0116316919207454
2023,"ssp370",-0.45165203426816,-1.51067569070326,-1.48405887107747,-0.665728784386841,0.00767808458255871,0.0359493543568894,0.115756591944043,0.0830871629886794,1.36170704325509,1.06346536967396,0.64705345336932,0.302866690355819,-1.09870548763748,0.19540141910116,-1.7291941540608,0.397736585287115,-1.81354238105908,-1.20780900034744,-2.84576591433256,-0.122351827822386,1.06997229566973,0.602479970909294,0.574295496053087,1.7810624319702,1.43212366380022,0.112807919413483,2.85103472763993,-0.711090136300463,2.03460363470952,-0.829643692890929,0.68710341546657,0.461487576639604,0.24181373882136,0.00539837766289901,0.0747075163927525
2024,"ssp370",-0.408370945443015,-1.60826660816047,-2.3763162661791,-0.538102725752894,0.00694230607253126,0.0290575471906563,0.18535266876197,0.0884546634488258,1.42901505931552,0.624422264708861,0.326519980076218,0.509233613160171,-0.734890925519233,-0.0818509653667973,-1.16252499046175,0.0863195389559676,-2.11750022132064,-1.0990329950003,-3.80533132549463,-0.947301206863577,1.41915423215555,-0.176563477004801,0.610115668798574,0.797781973621047,1.22585402775963,0.189809062565789,2.2169362057766,0.621372258534504,1.04929055075483,-1.40241750476443,0.799924731364362,0.420306606232785,0.320728856467155,0.00573508728670659,-0.0218938711485953
2025,"ssp370",-0.521332580754532,-1.73898668335038,-2.39003057460857,-1.07162253481869,0.00886265387282704,0.057867616880209,0.186422384819468,0.0956442675842707,0.87498316326572,0.489443881933906,0.758563957001275,0.387922794143757,-1.27989653775581,0.237231376246743,-1.56106641675259,-0.58217865288478,-2.12690947749413,-1.35106388920662,-3.26501373787429,-1.51504741134285,1.4313979863981,-0.00826550180462654,0.659122775046925,0.806188034131051,0.690767986936841,0.14376093015149,2.23758602052915,0.625209952267048,0.682502485132215,-0.699033488741468,0.802883705198415,0.515361844895434,0.32349594492597,0.00619575408544109,-0.00102492222377368
2026,"ssp370",-0.54830720300761,-1.94937333048665,-2.69286653614549,-1.7484546243843,0.00932122245112937,0.0944165497167521,0.210043589819348,0.107215533176766,1.44471139926973,0.572348864771284,0.776138736137452,0.231909208300636,-1.32444593914506,0.227831533129842,-2.32080348915558,-1.17610575961301,-2.18128253878728,-1.71746412218601,-4.13757793541522,-1.24815513687576,1.69596323260487,-0.0252292823205351,0.737408844104368,1.45507636080059,1.55615916259834,0.0853710139670516,3.15103959340546,0.240886871804279,1.5309298802778,-1.58138844491887,0.82277985807142,0.652037830137317,0.3832876905687,0.00693164313458106,-0.00312843100774635
2027,"ssp370",-0.449593298934607,-2.13408289508778,-2.29729930853247,-1.22545091309856,0.00764308608188832,0.0661743493073225,0.179189346065532,0.117374559229828,1.82630090710941,0.707018305389038,0.685658170221508,0.295818434179584,-1.13525146915612,0.236064871286901,-1.9324692184876,-0.518432607709526,-2.42990132926736,-1.83826446090819,-4.12360021564188,-0.470998401423053,2.0207292981809,0.636262278096133,0.805411257531127,0.911392890897498,1.75738099261562,0.109023297473569,2.9321221890784,1.1093364072834,2.39364327071175,-1.12111871451948,0.914434555004696,0.696387960057559,0.456684821388883,0.0075708658207926,0.0788965224839205
2028,"ssp370",-0.91347496886072,-2.01341683138253,-2.61133061776516,-1.1352044550863,0.0155290744706322,0.06130104057466,0.203683788185682,0.110737925726039,1.06089998981624,0.391675714545038,0.697687013371258,0.277568967556473,-1.61116198223198,-0.215787955489462,-1.52688016963133,-0.743528740541259,-2.290985798939,-1.73584786382606,-3.6722306075814,-1.55043062794891,1.02536391652879,0.144252666141284,0.760977579087493,0.739247414490192,0.739041914392757,0.102346938451793,1.76461133101898,0.286116502038601,0.883294580534041,-0.594789248251473,0.863324517539286,0.6586306406357,0.231732245135507,0.00715318924342244,0.0178873306015192
2029,"ssp370",-0.852025362516002,-1.95433793741429,-2.54381695100047,-1.4434175501408,0.014484431162772,0.0779445477076033,0.198417722178036,0.107488586557786,1.53526820504598,0.700106208533184,1.23142483316607,0.365571114943594,-2.08345019568208,0.379399470650071,-2.14352375867399,-0.743311341607618,-2.31990905235789,-1.5887668224707,-4.07908515604645,-1.00854874595448,1.08844935369766,0.129069008165786,0.738964627612444,1.49920374078039,1.07997290453396,0.134974773259829,2.58765309447805,-0.410754387082733,1.20904191269974,-0.95090389636817,0.873939400872273,0.603989854352615,0.245989553935671,0.00694626749955697,0.0160045570125575
2030,"ssp370",-0.780239765668791,-2.10075020542427,-2.76909312114167,-1.34771410757111,0.0132640760163694,0.0727765618088399,0.21598926344905,0.115541261298335,1.04911958161171,0.654945555918517,0.913580291635767,0.334650644123617,-1.69382005730456,0.133340525966976,-2.00265966348963,-0.692768551652592,-2.43540084954789,-1.76609956130066,-3.81821270275338,-1.71997353952996,1.65142440617797,0.107017428673672,0.793051987130368,1.51121095872283,1.24387544937742,0.123457726925517,3.1626353649008,0.140213447455143,1.3508928780511,-1.13685802070375,0.916509714055884,0.669594260204851,0.373221915796222,0.00745468867902545,0.0132701611555353
2031,"ssp370",-0.543003158687997,-2.3591888736364,-2.42972805172884,-1.12797177011615,0.00923105369769594,0.0609104755862719,0.189518788034849,0.129755388050002,2.05684247780475,0.214482053289476,0.814719691906992,0.319504969275181,-1.35772285059499,0.271716533218995,-1.34245382340562,-0.913489716826669,-2.67869384291158,-2.03968390436122,-4.48657052953359,-0.37288557392409,2.03508344002818,0.815820822753363,0.887918327393401,1.38648711662861,2.13034526727103,0.117040455910062,3.42157055665679,0.648596323399572,2.9461660900244,-1.31452444451767,1.00495878330346,0.770877871483338,0.459928857446369,0.00834643227749797,0.101161782021417
2032,"ssp370",-0.777718965647017,-2.25133681497805,-2.42109422061622,-1.52596971774366,0.0132212224159993,0.0824023647581577,0.188845349208065,0.123823524823793,1.27723032413883,0.492008368779486,0.493220844632433,0.309251914003461,-1.27093981027945,-0.284498121014584,-2.01797808652315,-1.03396134896418,-2.56058872898151,-1.94208490097459,-3.69832454475505,-1.1438638964774,1.53937186730876,0.67363674599517,0.848404534738332,1.58817753581346,1.29559151069471,0.112716874214623,3.12754940312223,-0.0488056685046978,1.96922825668988,-0.621954764699539,0.961121408952955,0.735687660523709,0.347898042011781,0.00797500262654032,0.0835309565034011
2033,"ssp370",-0.786187305870279,-2.17462660825864,-2.49966315837298,-1.17346749160012,0.0133651841997947,0.0633672445464067,0.194973726353093,0.119604463454225,1.8210431910051,0.921970999490695,0.83373856681472,0.443545435763928,-1.619925872685,0.0475512609444406,-2.09543849109082,-0.251496492109428,-2.61817204402257,-1.73108117249472,-4.32070634937809,-0.678619967367878,1.49512815292577,0.483764174769546,0.819882872400039,1.60577257688486,1.72683974200669,0.162358656891624,3.10090072981063,-0.110644423959089,2.21060391677624,-1.24307556723715,0.982241529291663,0.657524215508415,0.337898962561224,0.00770689900056036,0.0599867576714238
2034,"ssp370",-0.61303965854102,-2.37660307919856,-2.88217781960969,-0.93047563696356,0.0104216741951973,0.0502456843960323,0.224809869929556,0.130713169355921,2.07525752761241,0.884758510958149,1.18298427945302,0.322341950400209,-1.79602393799404,0.569944620912005,-1.81523414792171,-0.0457171260054112,-2.69894502959877,-2.05426112879835,-4.9574353472221,-0.806920291997282,2.13545545503356,0.37239801967736,0.894263591852091,2.46746218692954,2.14726575332169,0.117893382864528,4.6029176419631,-0.332006731895985,2.51966377299905,-1.77486773364432,1.01215697471662,0.776370208987563,0.482612932837584,0.00840607776340965,0.0461773544399927
2035,"ssp370",-0.900625752486496,-2.66035301491767,-3.17287740670737,-0.999233201312297,0.0153106377922704,0.0539585928708641,0.247484437723175,0.146319415820472,2.17851688179609,0.799755706080609,1.0108792504563,0.47435475617324,-1.91150500294279,0.110253497969801,-1.79898890739291,-0.199477495231688,-3.13470777109091,-2.18599825874443,-5.35139428850346,-0.994360524911275,1.77625034922997,0.465034005364076,0.997231617426251,2.11926300981956,2.16422818435405,0.172422969221918,3.89551335904953,-0.34301266058959,2.62926218971812,-1.69919417898997,1.16965458664817,0.824808648204333,0.401432578925973,0.00937397720380675,0.0576642166651454
2036,"ssp370",-1.16903649259168,-2.79037438228873,-3.30797464385511,-1.20687804177551,0.0198736203740586,0.0651714142558778,0.258022022220699,0.15347059102588,1.61301730208234,0.936064627502313,0.578572418694524,0.425682551407637,-1.7476089112862,-0.590464073897156,-2.14294266927783,-0.270813414273201,-3.21605693369637,-2.36469183088109,-4.92099194593745,-1.69495734177277,1.65466128926557,0.509077477077809,1.04447810094106,1.48581578541433,1.80890209101528,0.154485131363916,3.1404770746799,0.168845503851238,2.31797956809309,-1.29982461393747,1.19896323230497,0.889992969577141,0.373953451374019,0.00981809414884593,0.0631256071576484
2037,"ssp370",-1.36315353158265,-2.75562741561303,-3.58501690779041,-1.43745225687589,0.023173610036905,0.0776224218712983,0.279631318807652,0.151559507858716,2.22714468888481,0.436408096724621,1.02471391927223,0.41122100189193,-2.38786745085488,-0.338439612310416,-1.87386035360052,-1.00104416015127,-3.16684841750496,-2.3444064137211,-5.81216159667522,-1.35787221890559,1.00665576700974,0.175656962825401,1.03191066747955,2.80799095684935,2.56439706786416,0.148279974259703,3.81464672385909,-1.80133518983961,2.74005403068956,-2.38874010503875,1.18019064173925,0.883630693219846,0.227504203344201,0.00969996027430776,0.0217814633903497
2038,"ssp370",-1.40546994548673,-2.78974766220385,-3.6802871314303,-1.74918636466717,0.0238929890732745,0.0944560636920271,0.287062396251563,0.153436121421212,1.35233646627583,0.86624727766669,0.786251166797245,0.322993334694934,-2.19172111228398,-0.61921877868949,-2.61543364233386,-0.882939087000478,-3.11274099689878,-2.46675432750891,-5.03262359770613,-2.32795066515447,1.19352775503264,0.119602994218485,1.04450018965574,1.44952706463179,1.41520322767525,0.116582778819332,2.64305481966443,-0.255999309599157,1.53480622189373,-1.29560023345676,1.16108296847507,0.927917410836411,0.269737272637376,0.00981830178276398,0.0148307712830922
2039,"ssp370",-1.25889109081132,-2.85344616970147,-3.88865949856722,-1.13289121950312,0.0214011485437924,0.0611761258531683,0.303315440888244,0.156939539333581,1.38874200730965,1.08905919757213,0.757551636293538,0.387620712986646,-2.01644272710486,-0.501339454517779,-2.22195041707524,-0.0438320219309902,-3.24106688268811,-2.46582545671482,-5.27740150587687,-2.49991749125758,1.6844239298486,-0.00985630048340072,1.06736696399865,1.15944829088126,1.3435164454227,0.140265184853045,2.84387222072985,0.524975638967343,1.3336601449393,-1.3533727459061,1.2076321488517,0.927101779145605,0.380679808145783,0.0100332494615873,-0.00122218125994168
2040,"ssp370",-1.10744744436626,-3.09920502234441,-3.98477265399689,-1.13523043836379,0.0188266065542264,0.0613024436716447,0.310812267011757,0.170456276228943,1.90196224759043,1.05577481624455,0.728697750892894,0.561097917354133,-1.83614519525915,-0.378749693473363,-2.19100525460834,-0.0794556221192388,-3.66030293969855,-2.53810710499028,-5.88673490158732,-2.08281040640646,2.29063759847885,0.231603162361953,1.15524569325348,1.08726934310647,1.94093729476211,0.202055452499605,3.37790694158531,1.20336825537238,2.17254045712406,-1.70933413240015,1.35730114575309,0.953190240753876,0.517684097256219,0.0108593095165827,0.0287187921328822
2041,"ssp370",-1.156760833547,-3.23483911537095,-4.06063473450168,-1.49429046659752,0.019664934170299,0.0806916851962659,0.316729509291131,0.177916151345402,1.49111228146508,0.527628852347716,0.603665110936268,0.373191311883176,-1.76042594448327,-0.553095722610734,-2.02191931894523,-0.9666616142498,-3.60803042725413,-2.86164780348778,-5.55174701596676,-2.5695224530366,2.27678851325154,0.340794973479139,1.20443418659179,0.742497799721842,1.49416661599858,0.133676052918475,3.01928631297338,1.53429071352969,1.83496158947772,-1.15337164251944,1.33811023951027,1.07075813367332,0.514554203994847,0.0113216813539629,0.0422585767114132
2042,"ssp370",-1.45696897644422,-3.2983957753635,-3.84857856510133,-1.44952483525281,0.0247684725995518,0.0782743411036518,0.300189128077904,0.181411767644992,1.25087639905943,0.759319862520806,0.686205020359825,0.445269010301702,-2.14317399680405,-0.770763956084399,-2.20884469777362,-0.690204972732004,-3.7436647856652,-2.8531267650618,-5.09945496416077,-2.5977021660419,1.94597869386361,0.653307009348307,1.22693674754744,1.63547073305326,1.43466712589224,0.159119911368673,3.58144942691687,0.310507960810348,2.08797413524055,-0.781360116543932,1.38605665891611,1.06781683617877,0.439791184813176,0.0115332054269459,0.0810100691591901
2043,"ssp370",-1.36107340567214,-3.38551267057234,-4.05442617238381,-1.4767462737053,0.0231382478964263,0.079744298780086,0.316245241445937,0.186203196881479,2.66665802647033,0.768592471829064,1.10363229111427,0.431630614467351,-2.46470569678641,-0.257441114557868,-2.24533874553436,-0.708153801876232,-3.8171432850397,-2.95388205610499,-6.72108419885414,-1.38776814591348,2.22184079844359,0.558283909696028,1.25801230347456,2.46284300035735,2.80979899368452,0.153562355095173,4.68468379880094,-0.241002201913769,3.36808290338054,-2.25151508398849,1.41157465856974,1.10444994837939,0.50213602044825,0.0118253156526609,0.0692272048023074
2044,"ssp370",-1.29547659146703,-3.34527028896571,-3.7140410376166,-1.46248289421286,0.0220231020549396,0.0789740762874946,0.289695200934095,0.183989865893114,1.67136996992733,0.657452411653904,0.879190630524435,0.404906623465558,-2.17466722199147,-0.4162859609426,-2.11993530586677,-0.805030482558959,-3.75017691243127,-2.94036366550015,-5.38541100754393,-2.04267106768927,2.29896052398658,0.859257213562725,1.24374626304678,2.35005479769025,1.82249432148782,0.143925933660303,4.64901532167683,-0.0510942737036744,2.68175153505054,-0.963237107925094,1.38767219670708,1.09982032938648,0.519565078420967,0.0116912148726397,0.106547894481778
2045,"ssp370",-1.32314196416293,-3.41321664852182,-4.3015753298263,-2.06264963997938,0.0224934133907699,0.111383080558887,0.335522875726451,0.1877269156687,1.86692107579329,1.19747478665376,0.640366272140618,0.532849192503339,-1.96350823630355,-0.682775692022314,-3.26012442663314,-0.865174853325621,-3.94606584102516,-2.88036745601849,-6.16849640561958,-2.43465425403301,2.1720186525955,0.343513904547862,1.26750773655768,2.17192456757984,2.34811803294083,0.189404535358039,4.34394322017534,9.40850156676554e-05,2.69163193748869,-2.00460412839297,1.45691227191572,1.07810320119964,0.490876215486584,0.0119145727236422,0.0425957241639348
2046,"ssp370",-1.39402443481889,-3.47477924379439,-4.48522253459668,-1.97432076725966,0.0236984153919211,0.106613321432022,0.349847357698541,0.191112858408692,2.16403885064734,1.04397960154894,0.773956673611179,0.557677248371833,-2.16798110843007,-0.620067761207712,-3.0183003688086,-0.930341165710714,-4.03245649216623,-2.91710199542256,-6.64926138524401,-2.32118368394934,2.25907381408569,0.2327840188438,1.2893110686159,2.1310105592387,2.4100933781631,0.198652884017397,4.39008437332439,0.128063254846998,2.6428773970069,-2.1773093593193,1.4879639526333,1.09065818459851,0.510550681983367,0.0121195240449895,0.0288652183366311
2047,"ssp370",-1.2877729754818,-3.75623499259171,-4.49922841738277,-1.89056223734394,0.0218921405831905,0.102090360816573,0.350939816555856,0.206592924592544,2.30410485625168,1.53059932496778,1.04799286763949,0.677354343124504,-2.33576584312129,-0.239780107842303,-3.42116156231172,-0.359962912376161,-4.43358933571621,-3.0788806494672,-6.80333327363445,-2.1951235611311,2.74107000392883,0.606908284567877,1.38838518381129,2.48609836091708,2.38670292607592,0.23999212927586,5.2271683648459,0.254971643011749,2.9936112106438,-1.77979464150804,1.62837731308715,1.14839305453543,0.619481820887915,0.0130508207278261,0.0752566272864168
2048,"ssp370",-1.37967739224325,-4.017277092812,-4.8421055912474,-2.21222771606718,0.0234545156681353,0.119460296667628,0.377684236117297,0.22095024010466,2.02923593502679,0.450399986872283,1.03919471093561,0.797424208560163,-2.41887210317887,-0.340482681307638,-2.66262770293946,-1.7618277291949,-4.81470130137216,-3.21985288425183,-6.87134152627419,-2.81286965622061,3.03247853531004,0.615934740840703,1.4794100817686,2.8705340638935,2.48739718985118,0.279142065757397,5.90301259920355,0.161944471416535,3.10333193069188,-1.87146244901048,1.758552147526,1.20026801601121,0.685340148980069,0.0139064547686249,0.0763759078642472
2049,"ssp370",-1.93947860499776,-3.93189680006448,-5.03263480815996,-1.71586505679906,0.0329711362849619,0.0926567130671495,0.392545515036477,0.216254324003546,1.29893143533221,0.600154564028522,0.852581696659896,0.828737433653124,-2.79206030165765,-1.08689690833786,-2.31601962082759,-1.11571049277054,-4.76063423371761,-3.10315936641136,-6.33156624349217,-3.73370337282775,1.87610293005877,0.291253280307806,1.4493160366231,1.76815085891242,1.51254600424686,0.290659746779607,3.6442537889712,0.107952071146347,1.80379928455467,-1.22129272393906,1.7399757834027,1.15865628984349,0.423999262193282,0.0136235707442571,0.0361154067581679
2050,"ssp370",-1.79592368846082,-3.98195314085556,-5.18205290246419,-1.67511970925598,0.0305307027038339,0.0904564642998231,0.404200126392207,0.219007422747056,2.34616938833606,0.884173295915729,1.06031676120638,0.643923167041827,-2.8562404496672,-0.735606927254434,-2.55929300517171,-0.790946413340254,-4.62587630789738,-3.33802997381373,-7.52822229080025,-2.83588351412814,1.9308649062906,0.207820106608073,1.46782933374313,2.36673331276672,2.80417929573408,0.226259219091377,4.29759821905732,-0.43586840647613,3.01199940234215,-2.596359189126,1.69408855283451,1.24157011465175,0.436375468821675,0.0137975957371854,0.0257696932194011
2051,"ssp370",-1.49818291988175,-4.01913284695204,-4.82156873042475,-1.96401957810344,0.0254691096379897,0.106057057217586,0.37608236097313,0.221052306582362,1.56543347481944,0.795965004051514,0.909009062667257,0.55955938573542,-2.407191982549,-0.58917385721449,-2.75998458215495,-1.16805457405192,-4.57869223268746,-3.45957346121662,-6.38700220524419,-3.25613525560531,2.91982943913504,0.638072636576135,1.48120979098776,2.03971273057772,1.94034604813675,0.196030151870938,4.95954216971276,0.88011670855732,2.57841868471288,-1.30227341156061,1.6772399428587,1.28517963911682,0.659881453244519,0.0139233720352849,0.0791210069354407
2052,"ssp370",-1.56418879080079,-4.17445593804808,-4.93077019352611,-1.98392593955662,0.0265912094436135,0.107132000736057,0.384600075095036,0.229595076592645,2.23933041232005,1.54141355011692,1.28786215495497,0.681528087954057,-2.85205094575576,-0.276326635845827,-3.52533948967354,-0.442512389439695,-4.85598402600214,-3.49292785009403,-7.17010060584615,-2.69143978120606,2.73152197980405,0.734981508115619,1.53491112631146,2.56047039780549,2.32710212225185,0.237327557355052,5.29199237760954,0.171051581998564,3.06208363036746,-1.59212061413623,1.77223868366651,1.2975835689564,0.617323967435716,0.0144281645873277,0.0911377070063368
2053,"ssp370",-1.39194697692908,-4.42717920813579,-4.90233851402993,-2.22061823808333,0.0236630986077943,0.1199133848565,0.382382404094335,0.243494856447468,2.42939285432313,1.92159160736256,1.02280986374547,0.89436618269366,-2.41475684067455,-0.369137113183608,-4.14220984544588,-0.299026630720772,-5.32154539082945,-3.53281302544213,-7.33173136835306,-2.4729456597068,3.43824393700802,1.1231142853235,1.62138863437775,2.98895104810812,2.75505763222512,0.307892027888363,6.42719498511614,0.449292888899903,3.87817191754862,-1.63194334690163,1.92928066226611,1.31349660648939,0.777043129763812,0.0152410531631509,0.139266171380113
2054,"ssp370",-1.39886169764632,-4.54721484977929,-4.78108834615448,-2.47597500350906,0.0237806488599875,0.133702650189489,0.372924891000049,0.250096816737861,1.99559596265384,0.78496532669904,1.03421744878082,1.08679629805438,-2.43307914642714,-0.364644248865497,-3.2609403302081,-1.69100967681002,-5.63401114783367,-3.4604185517249,-6.77668430880832,-2.78549238350063,3.87855510877147,1.42572541342283,1.66139560128085,3.02289842064556,2.60867526243229,0.372484037645018,6.90145352941703,0.855656688125914,4.03440067585512,-1.18294984900947,2.03387963892587,1.28891156363584,0.876553454582352,0.01561711865204,0.176789951264431
2055,"ssp370",-1.56101399625618,-4.4740316929198,-5.01035853234463,-1.99010858690486,0.026537237936355,0.107465863692863,0.390807965522881,0.246071743110589,1.50813480893754,1.14478740465671,0.757046138592196,0.852459482975655,-2.31806013484837,-0.803967857663982,-3.13489599156158,-0.84532118224815,-5.32649117589546,-3.62157220994415,-6.51849334128217,-3.50222372340709,3.28483521210996,1.07266177685556,1.63784714406612,1.06660462275991,1.79301737777049,0.293584686628592,4.35143983486987,2.21823058935005,2.86567915462605,-0.720355600914934,1.93143183069472,1.34426245743753,0.742372757936851,0.0153957631542216,0.133010060330089
2056,"ssp370",-1.57726318773212,-4.56871971864491,-5.01323971884275,-1.97073064026429,0.0268134741914461,0.106419454574272,0.391032698069735,0.25127958452547,2.58808787048359,1.00254466785691,0.698447091735172,0.840736875629192,-2.2757102794673,-0.878816095996951,-2.97327530812121,-0.968185972407383,-5.4094565942741,-3.72798284301572,-7.60132758932635,-2.42515184835916,3.28225828274781,1.19667001104273,1.67057558775857,1.1003734021748,2.58097248805185,0.289742128897131,4.38263168492261,2.18188488057301,3.77764249909459,-1.38430247700912,1.9603177166557,1.38083345886144,0.741790371901005,0.0157034105249305,0.148387081369299
2057,"ssp370",-1.44758230278837,-4.72674183930101,-5.34270214853777,-2.16385653161069,0.0246088991474023,0.116848252706977,0.416730767585946,0.259970801161556,2.89871853274663,1.64305180417804,1.07205918517937,0.810411965073338,-2.51964148796773,-0.375523117609001,-3.80690833578872,-0.520804727432651,-5.53715380437435,-3.91632987422767,-8.2414206812844,-2.44398361579114,4.02712993138743,1.07290525977124,1.72504926964595,2.62384741773926,3.19983924657928,0.278152033764796,6.65097734912669,1.40328251364817,4.27274450635052,-2.12693398680805,2.00320130341074,1.44689723588115,0.91013136449356,0.0162154631346719,0.133040252211633
2058,"ssp370",-1.57161500197634,-4.9685160626243,-5.27716348361402,-2.61675090742848,0.0267174550335977,0.141304549001138,0.411618751721893,0.273268383444337,2.33247428371305,1.61962617437033,1.1913268673946,1.02353771801745,-2.76294186937094,-0.380288134581736,-4.23637708179881,-0.997124733058144,-5.99205378064175,-3.94497834460686,-7.60963776732707,-2.94468919990096,4.01583551176788,1.47994033021268,1.80616393878503,2.97351040765558,2.48808154888368,0.346214577004574,6.98934591942346,1.0423251041123,3.96802187909636,-1.008141218671,2.1523785157896,1.45994936178046,0.907578825659542,0.0169779410245793,0.183512600946372
2059,"ssp370",-1.61532631039251,-5.21849173112308,-5.62006605199885,-2.98467550274126,0.0274605472766727,0.161172477148028,0.43836515205591,0.287017045211769,2.72788365632582,0.694001178283213,1.05227294886104,1.00513575390801,-2.66759925925355,-0.563053361531473,-3.67867668102448,-2.29067432445805,-6.22362748503109,-4.21335597721507,-8.34794970832467,-2.89218239567303,4.28171928802331,1.46990229765984,1.89106064226677,2.81462362231668,3.19918754612922,0.33707702822968,7.09634291033999,1.46709566570663,4.66908984378906,-1.72928524846938,2.22813767049645,1.55398361403709,0.967668559093267,0.0177759700373076,0.18226788490982
2060,"ssp370",-1.96352148480534,-5.14139714377358,-5.89668852444015,-2.72086743765909,0.0333798652416908,0.146926841633591,0.459941704906332,0.282776842907547,1.66448773138255,0.313232290739644,0.883575983840526,0.759804911170576,-2.84709746864586,-1.07994550096481,-3.03409972839873,-2.40763514691945,-5.90120205494416,-4.38159223260301,-7.56117625582271,-4.2322007930576,3.52313165456068,1.0647081701254,1.86663032550873,2.65085122449314,2.23543294029734,0.257042016207737,6.17398287905382,0.872280430067541,3.30014111042274,-1.17072477017194,2.12367234171647,1.60958830930099,0.796227753930713,0.0175463250597821,0.13202381309555
2061,"ssp370",-1.86686866386341,-5.19151027310241,-5.92658716653622,-2.8395214817396,0.031736767285678,0.153334160013938,0.462273798989825,0.285533065020632,2.26208144304229,0.878081988716152,0.681513677594039,0.869250694279658,-2.54838234145745,-1.18535498626937,-3.71760347045575,-1.96143949302345,-6.06076096738207,-4.32225957882275,-8.18866860957851,-3.66450572349392,3.74548435619107,1.11044864657324,1.88290710907783,3.14065529736078,3.12444224598916,0.293890811939838,6.88613965355185,0.604829058830297,4.2348908925624,-2.01399359941592,2.17679792101767,1.58901629713799,0.846479464499183,0.0176993268253316,0.137695632175082
2062,"ssp370",-1.98286259053292,-5.3318346827398,-6.20504540924462,-2.84349402284221,0.0337086640390597,0.153548677233479,0.48399354192108,0.293250907550689,2.14564780900118,1.36162537512063,0.870908297511551,1.20300525845937,-2.85377088804447,-1.11195429302137,-4.20511939796284,-1.48186864772159,-6.53483994119917,-4.12882942428044,-8.3506932182458,-4.05939760024344,3.80469357853351,1.0077670679593,1.92759491907568,3.6987301352,3.03537061388049,0.403437809087813,7.50342371373352,0.105963443333506,4.04313768183979,-2.02760354592119,2.33103272816349,1.52415710998787,0.859860748748574,0.0181193922393114,0.124963116426953
2063,"ssp370",-2.08014215764755,-5.49113147704053,-6.31738319576015,-2.31609442620711,0.0353624166800083,0.125069099015184,0.492755889269292,0.302012231237229,2.34025634469306,0.588456977265248,0.915151246581418,1.23236796710656,-2.99529340422897,-1.16499091106613,-2.90455140347236,-1.72763744894187,-6.7234994441471,-4.25876350993397,-8.65763954045321,-3.97712685106709,3.51934437661312,1.09430922678157,1.98080074539961,2.27658332237443,2.45419019163313,0.41079694456724,5.79592769898755,1.24276105423869,3.5484994184147,-1.35988096485157,2.39159768996685,1.57000380083237,0.795371829114565,0.0186195270067564,0.135694344120914
2064,"ssp370",-2.11565687747831,-5.54325677442132,-6.36787801393139,-2.46061367885729,0.0359661669171314,0.132873138658294,0.496694485086648,0.304879122593172,3.16241554248935,0.713365985953223,1.22288345260443,0.922391721811558,-3.33854033008275,-0.892773424873882,-3.17397966481051,-1.74724769290407,-6.46564849623287,-4.62086505260976,-9.53029355642074,-3.20546247144203,3.28242447805486,1.12288872820226,2.00081855239363,3.22071502904087,3.75078287164191,0.309213211194708,6.50313950709573,0.0617094490139989,4.87367159984417,-2.62789414343966,2.31003176358834,1.69160534119892,0.7418279320404,0.0188076943925001,0.13923820229708
2065,"ssp370",-2.03091268375534,-5.53059163448947,-6.23897218268028,-3.16272160870652,0.0345255156238407,0.170786966870152,0.486639830249062,0.304182539896921,2.91775641287344,0.667713461891462,1.18723398164947,0.89341876620148,-3.21814666540481,-0.843678702105864,-3.83043507059798,-2.49500814681506,-6.42401040069095,-4.63717286828799,-9.15672859555371,-3.32121576980684,3.75002250808395,1.24169294270767,1.99678168696596,3.74481226808531,3.39820042757722,0.299218946634293,7.49483477616926,0.00521023999864179,4.63989337028489,-2.15650748486956,2.29600063360026,1.69756274033167,0.847505086826973,0.0187697478574801,0.153969924895751
2066,"ssp370",-2.07897911490821,-5.59490692872363,-6.55980544897432,-2.8978779813487,0.0353426449534395,0.15648541099283,0.511664825019997,0.3077198810798,2.07228311494953,1.27447432307919,0.836213177589583,1.03089304897958,-2.91519229249779,-1.24276593731863,-4.17235230442789,-1.62340365826951,-6.62579997770321,-4.56401387974405,-8.63208856392385,-4.48752233402479,4.13771716145371,0.984816747871446,2.01726501562906,2.69877730791359,2.55869141330663,0.343812131660145,6.8364944693673,1.43893985354012,3.54350816117808,-1.57387466543519,2.36107714728921,1.67345288396892,0.935124078488539,0.0189622911469132,0.122117276736059
2067,"ssp370",-1.64095949450648,-5.7847000326422,-5.75352583687371,-3.04670681270933,0.0278963114066101,0.164522167886304,0.44877501527615,0.318158501795321,2.56287722121451,1.96865046572331,0.816789028687403,1.17939260420656,-2.45774852319388,-0.824170465819073,-5.01535727843264,-1.07805634698603,-6.96409263684876,-4.60530742843564,-8.31640305808823,-3.1906486156592,5.2981393126015,2.11212365369211,2.07917091534324,1.75787284716585,2.41817252006812,0.390306463686564,7.05601215976735,3.54026646543565,4.53029617376022,-0.306048866376008,2.4694773790298,1.68886445165668,1.19737948464794,0.0195442066042265,0.261903333057821
2068,"ssp370",-1.73404642628444,-5.9692768055716,-5.90039017805504,-3.07463809145123,0.0294787892468354,0.166030456938366,0.460230433888293,0.328310224306438,2.94818134328934,1.37944510132168,1.13490791068311,1.14146041435345,-2.86895433696754,-0.599138515601327,-4.45408319277291,-1.69519299012955,-7.11073721992504,-4.82781639121815,-8.84857152134438,-2.9522088347657,5.24641492127359,2.2110485718353,2.14059507033794,1.32244609497908,2.72961865847161,0.375076952730494,6.56886101625267,3.92396882629451,4.94066723030691,-0.518570086636312,2.51567202306843,1.76551811760744,1.18568977220783,0.0201215936611766,0.274170022907577
2069,"ssp370",-2.40687285130224,-5.84596960543315,-6.40837438119711,-2.47514005727673,0.0409168384721381,0.133657563092943,0.499853201733375,0.321528328298823,2.80452942861552,0.809838460501438,1.1546762885894,0.92238939514664,-3.56154913989164,-1.25219656271284,-3.28497851777817,-1.66530159677529,-6.76835900057979,-4.92358021028651,-9.21290380981264,-3.60384495258159,3.49211882268971,1.49661043185463,2.10158839372994,2.73985009075767,3.0883284226016,0.305624862334002,6.23196891344737,0.752268731932042,4.58493885445623,-1.59171799074697,2.40721325606394,1.79596353139594,0.789218853927874,0.0197549309010614,0.185579693549974
2070,"ssp370",-2.2166860593498,-5.84494027477869,-6.52952102316232,-3.11309810986565,0.0376836630089467,0.168107297932745,0.509302639806661,0.321471715112828,2.2299250483532,1.10216925246568,0.79941074595713,0.946113763556948,-3.01609680530693,-1.41727531339268,-4.21526736233134,-2.01092885739997,-6.79105403833564,-4.89882651122174,-8.75944607151552,-4.29959597480911,4.00322892837762,1.37773269809951,2.10106626654742,2.92267257223794,3.16232916000377,0.314882108670597,6.92590150061556,1.08055635613968,4.54006185810329,-1.78459646190426,2.41594837521802,1.78618415787683,0.904729737813342,0.0197500229055458,0.17083885456434
2071,"ssp370",-1.73419804455791,-6.03786328234141,-6.3065334070666,-2.96187503956186,0.0294813667574845,0.15994125213634,0.491909605751195,0.332082480528778,2.48884541173549,1.33287189289737,0.643894073576536,1.05674759135718,-2.37809211813445,-1.09030397098137,-4.29474693245923,-1.62900314666448,-7.09461087369859,-4.98111569098424,-8.79537881880209,-3.8176879953311,5.31824184861651,1.87488052046921,2.16393500115541,2.07690732564012,2.62068825259995,0.350236804762,7.39514917425663,3.2413345229764,4.49556877306917,-0.745807732130742,2.51417180591741,1.81369819639341,1.20192265778733,0.0203409890108609,0.232485184538182
2072,"ssp370",-2.06124065406032,-6.39285107534639,-6.99820371323397,-3.15137256423469,0.0350410911190255,0.170174118468673,0.54585988963225,0.351606809144052,3.00001785407139,1.45831679868978,1.04744031541577,1.14720447070713,-3.10868096947609,-1.01380033864455,-4.60968936292447,-1.69305576554491,-7.54005554605353,-5.24564660463926,-9.99822156730536,-3.99818585916258,5.28219408888155,1.61235533509152,2.27937155737514,1.95632191888087,2.7681612202421,0.374643718855029,7.23851600776242,3.32587217000068,4.38051655533363,-1.15580588515058,2.65401527623017,1.90472783852011,1.19377586408723,0.0214260926393263,0.199932061551349
2073,"ssp370",-2.38924197829122,-6.52272004125046,-7.36714157221348,-3.41732786067138,0.0406171136309507,0.184535704476254,0.574637042632651,0.358749602268775,3.49839038926169,0.930013250065762,1.26225194720572,1.00686536875924,-3.65149392549693,-1.1269900310855,-4.34734111073714,-2.48731461060561,-7.5295854100097,-5.51585467249122,-10.8655319614752,-3.86875118295179,4.53619068612069,1.40328932525095,2.32274741059136,3.07380882673521,3.84343897391742,0.327246587710813,7.6099995128559,1.46238185938548,5.24672829916837,-2.44014964866647,2.64999399830217,1.99550082288055,1.02517909506328,0.0218338256595588,0.174007876331118
2074,"ssp370",-2.88219424760818,-6.37427018093238,-8.01010590975298,-3.29916672119132,0.0489973022093391,0.178155002944331,0.624788260960732,0.350584859951281,2.87946755899898,0.25298123648377,1.07104675698392,0.961688329902055,-3.95324100459211,-1.81114749062426,-3.55214795767509,-3.04618548470755,-7.33595851083443,-5.41258185103032,-10.889573468752,-5.130638350754,3.17426268407916,0.508266836625225,2.27484722914571,3.78844621393449,3.78659597855748,0.315027693026785,6.96270889801365,-0.61418352985533,4.29486281518271,-3.27832914193226,2.5898749221725,1.95981953611893,0.71738336660189,0.0213835639539697,0.0630250877415279
2075,"ssp370",-2.41874552618406,-6.56099741811547,-7.20297460442381,-3.60225361150677,0.041118673945129,0.194521695021366,0.561832019145057,0.360854857996351,2.41770283100824,1.27328202005993,0.88523438708209,0.98253310435672,-3.30397991326615,-1.53351113910197,-4.8755356315667,-2.32897159144684,-7.54353052247219,-5.57846431375875,-9.62067743543205,-4.78527177341557,4.58887380218514,1.6406229538962,2.33532823738325,2.80553925044798,2.85374266672604,0.320192495162367,7.39441305263312,1.78333455173716,4.49436562062224,-1.21311971282984,2.65552073254562,2.01513574222089,1.03708547929384,0.0219520854314026,0.203437246283129
2076,"ssp370",-2.25422662398854,-6.78042552693223,-7.27534706565052,-3.76077939627522,0.0383218526078052,0.203082087398862,0.567477071120741,0.372923403981272,1.98518021857803,1.29137671885618,0.861742027587061,0.984622133503703,-3.1159686515756,-1.39248459640148,-5.05215611513139,-2.46940267741904,-7.76504766043593,-5.79580339342852,-9.26052728422855,-5.2901668470725,5.61492400870243,1.86985399452674,2.40609513133115,2.03032447613483,2.37401669326307,0.318383141888068,7.64524848483726,3.5845995325676,4.2438706877898,-0.504162698736334,2.72447827321922,2.08771198944309,1.26897282596675,0.0226172942345129,0.231861895321315
2077,"ssp370",-2.16874676430548,-7.19189087424007,-7.48215760501606,-3.8942196268165,0.0368686949931932,0.210287859848091,0.583608293191253,0.395553998083204,2.43945333298596,1.37309180771864,0.929441362209237,1.25074901738801,-3.09818812651472,-1.23930540209625,-5.26731143453514,-2.52112781909785,-8.44263989162808,-5.94114185685206,-9.92161093800202,-5.0427042720301,6.42991079366709,2.21719102778893,2.53499517265521,2.13164716863683,2.48830353091716,0.397291419747129,8.56155796230392,4.29826362503026,4.70549455870609,-0.27111250312824,2.93228659240234,2.13770375290808,1.45315983936876,0.023828954622959,0.274931687445827
2078,"ssp370",-2.38567241530491,-7.26549982230936,-7.55569162612628,-2.78650836474384,0.0405564310601834,0.150471451696167,0.58934394683785,0.399602490227015,2.33554128337152,1.02287472111172,1.18605690056285,1.28335067594622,-3.57172931586775,-1.19961551474206,-3.80938308585556,-1.76363364363211,-8.54885049825559,-5.98214914636314,-9.8912329094978,-5.22015034275477,5.9650240583874,2.24781326470429,2.5579333827766,2.65948340580989,2.76301910265924,0.403519168919046,8.62450746419729,3.30554065257751,5.01083236736353,-0.515205837954944,2.96145255169565,2.15441421385756,1.34809543719555,0.0240445737981,0.278728844823333
2079,"ssp370",-2.58278302288556,-7.24179215167764,-7.75007988648229,-3.154803016184,0.0439073113890546,0.170359362873936,0.604506231145619,0.39829856834227,1.68657094747715,0.63741413719777,0.859533659189909,1.03932369017476,-3.44231668207547,-1.72324936369565,-3.79221715338177,-2.51738887898623,-8.2811158418524,-6.20246846150288,-9.43665083395945,-6.06350893900514,5.30800989827264,2.00386935282812,2.55276039555099,1.47692539653659,2.39776114979253,0.328956455230729,6.78493529480923,3.83108450173604,4.40163050262065,-0.393891796964414,2.88171685078172,2.22380394032026,1.19961023700962,0.0239959477181793,0.248479799750687
2080,"ssp370",-2.41907193016451,-7.37096749831686,-7.95377742723668,-3.63552635085644,0.0411242228127966,0.196318422946248,0.620394639324461,0.405403212407427,3.03062144921751,0.975934884776304,0.919497798954336,1.01168146562486,-3.33856972911884,-1.49957413121017,-4.61146123563274,-2.65959146608013,-8.38264896394172,-6.359286032692,-10.9843988764542,-4.92315597801917,5.92068570106358,1.97225689709447,2.59375733538662,3.74744422156537,4.07514247227804,0.320385080708282,9.66812992262895,2.17324147949821,6.04739936937252,-2.10288557518357,2.9141424160949,2.27337225467834,1.33807496844037,0.0243813189526343,0.244559855239715
2081,"ssp370",-2.41999386096006,-7.5019392090175,-7.89730557780057,-3.9995086057532,0.0411398956363211,0.215973464710673,0.615989835068444,0.412606656495963,3.13120750399072,1.69011349843803,1.24909849393482,1.20711134367888,-3.66909235489488,-1.17089536702524,-5.68962210419123,-2.30939510731517,-8.70905055269638,-6.29482786533862,-11.0285130817913,-4.76609807380984,6.14106431496634,2.20644923129365,2.63312811794593,4.00376640455213,3.66720382314838,0.378195745291788,10.1448307195185,2.13729791041421,5.87365305444203,-1.46075459185473,3.01132386323772,2.25493237265414,1.38788053518239,0.0247514043086917,0.273599704680413
2082,"ssp370",-2.75356742955123,-7.60965322594747,-8.53401512020405,-3.40453966536462,0.0468106463023709,0.183845141929689,0.665653179375916,0.418530927427111,3.08001235416592,2.03391059923985,1.18563055241794,1.38620512068797,-3.93919798196917,-1.56793687713329,-5.43845026460447,-1.37062906612476,-8.99585834663545,-6.2234481052595,-11.61402747437,-5.45400276603813,5.68294719062771,1.6532736212221,2.6648996724546,3.95137674014113,3.68185715043956,0.431489297759508,9.63432393076884,1.73157045048657,5.33513077166167,-2.02858352921746,3.0963889702141,2.23341037469509,1.28434606508186,0.0250500569210732,0.205005929031541
2083,"ssp370",-2.57463910535528,-7.67617169647669,-7.79072215228101,-3.16642232366978,0.0437688647910398,0.170986805478168,0.607676327877919,0.422189443306218,2.73863602886069,1.32069300633798,1.29787097869638,1.38311643811014,-3.87251008405166,-1.27676812665891,-4.48711533000776,-1.84572931733179,-9.05928813458683,-6.29305525836654,-10.5293581811417,-5.05208612342032,6.06335394883721,2.56738627811597,2.68567402460711,2.89841403126047,3.0667556353565,0.42926435734628,8.96176798009768,3.16493991757675,5.63414191347247,-0.499369357240536,3.11493838195339,2.25640966726083,1.37031799243721,0.0252453358313068,0.31835589848638
2084,"ssp370",-2.60148471728695,-7.76729772694602,-8.09052296225681,-3.28413023282089,0.0442252401938781,0.177343032572328,0.631060791056032,0.427201374982031,2.35544064510168,1.21700379275412,1.31304759713337,1.1847638999675,-3.91453231442032,-1.28843712015358,-4.50113402557501,-2.06712644006678,-8.95206162691352,-6.58253382697853,-10.4459636073585,-5.73508231715513,6.16653454895336,2.36192803761383,2.71613336448281,1.90218895540305,2.59160257095628,0.367608205620143,8.06872350435641,4.2643455935503,4.95353060857011,-0.229674533342448,3.08374157010295,2.34852515886267,1.39363680806346,0.0255316536261384,0.292879076664115
2085,"ssp370",-2.89693917300822,-8.0019324581235,-9.05014816012588,-4.19098894154809,0.0492479659411398,0.226313402843597,0.705911556489819,0.440106285196793,1.88367731191231,1.6422869086756,0.982390810286682,1.15451729108547,-3.8793299832949,-1.91454836272154,-5.83327585022369,-2.54870203287249,-9.15644974920897,-6.84741516703803,-10.9338254720382,-7.16647084821357,6.08947258940796,1.63290916053898,2.78897713630129,2.51059300849284,2.62476171377623,0.353940227125681,8.6000655979008,3.57887958091512,4.25767087431521,-0.991852553237241,3.14291736342698,2.43503690917561,1.3762208052062,0.0262163850812322,0.202480735906834
2086,"ssp370",-2.85145813260753,-8.10803550257181,-9.02074932146131,-4.59805050932146,0.048474788254328,0.248294727503359,0.703618447073983,0.44594195264145,2.89463483536562,1.5018425113491,0.911117698790109,1.32363029466863,-3.76257583139764,-1.94034043381742,-6.09989302067056,-3.09620799797235,-9.43166579724045,-6.78440520790318,-11.9153841568269,-6.12611448609569,6.29957797816279,1.83253966895631,2.81981031640889,3.88776810473786,4.19404640119346,0.40391372548894,10.1873460829006,2.41180987342493,6.02658607014977,-2.36150673223715,3.22372404189783,2.41589659091995,1.42370462306479,0.0265062169742435,0.227234918950582
2087,"ssp370",-2.57843703627689,-8.29302585731675,-8.59830992155392,-4.20748018327837,0.043833429616707,0.227203929897032,0.670668173881206,0.456116422152421,3.68870169189246,1.86235152004513,1.46068282905622,1.41223160932961,-4.03911986533311,-1.11775420722066,-6.0698317033235,-2.34512866323325,-9.70525746664636,-6.88079424798713,-12.2870116134464,-4.90960822966147,6.84360295986862,2.55558143169356,2.87531603997535,4.85637714014896,4.55659220528614,0.429184069825485,11.6999801000176,1.98722581971966,7.1121736369797,-2.00101077359258,3.30450010980084,2.44613197014987,1.54665426893031,0.0270279707757683,0.316892097530001
2088,"ssp370",-2.89573081837992,-8.34681193414362,-8.82697125172068,-3.99930783850959,0.0492274239124587,0.215962623279518,0.688503757634213,0.459074656377899,3.49851729732065,1.10788849132893,1.51232942213519,1.3068302854453,-4.40806024051511,-1.38340139624474,-5.10719632983852,-2.89141934718066,-9.65364221958892,-7.03998164869832,-12.3254885490413,-5.32845395440004,6.35449138342176,2.3731263800869,2.89289686702859,4.24466580150676,4.29151303855895,0.39695766593137,10.5991571849285,2.109825581915,6.66463941864586,-1.91838665847205,3.28985453295996,2.49593920109722,1.43611505265332,0.0271932305500687,0.294267671130776
2089,"ssp370",-3.12507727967789,-8.51357601573115,-9.2677713116863,-3.99217100053682,0.0531263137545242,0.215577234028988,0.722886162311531,0.468246680865213,2.6535554913878,1.09914485941134,1.1051375186595,1.37183333100875,-4.23021479833739,-2.0199397610184,-5.09131585994816,-2.89302614112548,-9.8854093467399,-7.1417426847224,-11.9213268030741,-6.61421582029849,6.09590589574311,2.12036678596474,2.94268455828659,3.63237724727891,3.7114250297874,0.414901414132688,9.72828314302202,2.46352864846419,5.83179181575213,-1.59105824382266,3.35758597241927,2.5277831441539,1.37767473243794,0.0276612348478939,0.262925481459627
2090,"ssp370",-3.46666620354419,-8.48577917543433,-9.85924425160242,-3.8556182986285,0.0589333254602512,0.208203388125939,0.769021051624989,0.466717854648888,3.5278121900357,1.31047551278139,1.22704134670268,1.33919310270958,-4.69370755024687,-2.23962485684151,-5.1660938114099,-2.54514278584711,-9.82497227814391,-7.14658607272475,-13.3870564416381,-6.33143206156672,5.26692698476065,1.42668962850167,2.93466475471686,4.42588064814445,4.8519718007095,0.405920553744769,9.6928076329051,0.841046336616197,6.27866142921117,-3.42528217220783,3.34058530846163,2.5287442009721,1.19032549855591,0.0275858486943385,0.176909513934207
2091,"ssp370",-2.88451010310567,-8.65626394622308,-8.98716195397265,-4.04136823379401,0.0490366717527964,0.218233884624876,0.700998632409866,0.476094517042269,3.42074807595236,1.54646831152074,1.30812325665322,1.33352360208458,-4.19263335975888,-1.57638684645245,-5.58783654531475,-2.49489992227327,-9.98978754830766,-7.3227403441385,-12.407910029925,-5.56641387802029,6.78961936490167,2.64014529165421,2.9861039455757,4.39094610506093,4.47927590081504,0.400940704540566,11.1805654699626,2.39867325984074,7.11942119246925,-1.83913060916083,3.38704465011626,2.58516324103513,1.53445397646778,0.0280693770884115,0.327378016165122
2092,"ssp370",-2.55483475648551,-8.9627666513358,-8.67098348398509,-4.62539444346572,0.0434321908602537,0.249771299947149,0.676336711750837,0.492952165823469,3.80490955948587,1.85251829943224,1.44835149148557,1.61254128718937,-4.00318624797108,-1.10648326499994,-6.47791274289796,-2.77287614403348,-10.5753079385252,-7.35022536414643,-12.475893043471,-4.86607392449922,8.1046816536193,3.41585835793035,3.07406588281437,4.06667201713931,4.26374462669212,0.477049144755706,12.1713536707586,4.03800963647999,7.67960298462248,-0.847886268761769,3.55111502757007,2.59701673805866,1.83165805371796,0.028896219298455,0.423566436383364
2093,"ssp370",-3.12545389329967,-9.07881993962745,-9.49950039782539,-4.23629494889245,0.0531327161860944,0.228759927240192,0.74096103103038,0.49933509667951,4.00933608816999,2.19960849169652,1.79846770577738,1.73547084336347,-4.92392159907704,-1.32698618752229,-6.43590344058897,-2.03668645719594,-10.8142907829909,-7.34334909626399,-13.5088364859954,-5.49016430965539,6.92367166444139,2.64055101894048,3.10661263103655,4.04742959739692,4.41391698765807,0.508924766239742,10.9711012618383,2.87624206704448,7.05446800659855,-1.77336596871759,3.61553739727629,2.59768786479681,1.56474979616376,0.0292021587317436,0.327428326348619
2094,"ssp370",-3.57174901202051,-8.99416336833135,-9.95563415909372,-4.00698459743555,0.0607197332043487,0.21637716826152,0.77653946440931,0.494678985258224,3.28898549320218,1.40935604835771,1.59367150083585,1.59435853314695,-5.16542051285637,-1.97807751118466,-5.41634064579326,-2.59762854907784,-10.5885219014783,-7.3998048351844,-13.2446196522959,-6.66664866589154,5.75112577571069,2.01903832394703,3.08362519824769,4.04908394061615,4.15114970444904,0.4714663000878,9.80020971632684,1.70204183509454,6.17018802839608,-2.13211138050201,3.55509149833549,2.61215889815989,1.29975442531062,0.0289860768635283,0.250360752169432
2095,"ssp370",-2.99354487057623,-9.20889889260427,-8.95833235590205,-4.51857450628973,0.0508902627997959,0.244003023339645,0.69874992376036,0.506489439093235,3.40814923339886,2.07601965866076,1.40551152619388,1.58275181269583,-4.39905639677011,-1.58803334438235,-6.5945941649505,-2.44255484762897,-10.7916507053001,-7.62614707990844,-12.3664815893009,-5.55018312250318,7.30350537472385,3.45308463925744,3.14717849048076,3.75619953137462,4.18344401745391,0.466390828238234,11.0597049060985,3.54730584334923,7.63652865671135,-0.730359378196469,3.613569318719,2.68078766224253,1.65059221468759,0.0295834778105192,0.428182495267923
2096,"ssp370",-2.84642449926971,-9.43046033885751,-9.18416768357474,-4.61287842012217,0.0483892164875851,0.249095434686597,0.71636507931883,0.518675318637163,3.41163100199171,1.9979810094619,1.23201503127542,1.50274845383637,-4.07843953054513,-1.61440946799429,-6.61085942958407,-2.61489741066028,-10.9332087926939,-7.92771188502114,-12.5957986855664,-5.77253668158303,7.93281792767312,3.52695287360216,3.21309297362103,4.18547846096097,4.61074773177275,0.438407628504977,12.1182963886341,3.74733946671215,8.13770060537491,-1.08379485817058,3.651500602126,2.77468534511605,1.79281685165412,0.0302030739520377,0.437342156326668
2097,"ssp370",-3.40652485011369,-9.55972197753314,-10.2171254383939,-4.55784546565763,0.0579109224519327,0.246123655145512,0.796935784194723,0.525784708764322,2.73641621345227,2.57257907034847,1.19704194716252,1.74940523421726,-4.6035667972762,-2.20948290295117,-7.1304245360061,-1.98526639530916,-11.3091272117504,-7.81031674331588,-12.9535416518462,-7.48070922494162,6.93479103370283,2.53882632822184,3.2470775163787,4.83842391210301,4.16541925090081,0.504234175615699,11.7732149458058,2.09636712159982,6.70424557912265,-1.62659292267896,3.7513116919944,2.74284334076301,1.56726277361684,0.0305225286539598,0.314814464699509
2098,"ssp370",-3.35116846132949,-9.71433717997977,-10.2904941868615,-4.58149372303881,0.0569698638426013,0.247400661044096,0.802658546575194,0.534288544898887,3.28067929891971,2.16421208675858,1.23205890562908,1.91446801847659,-4.58322736695857,-2.1191095557004,-6.74570580979738,-2.41728163628023,-11.6288051984564,-7.79986916150318,-13.5711734857812,-7.00981488794175,7.16605952914694,2.67356402353315,3.28904376343745,5.01307548682905,4.61221858421372,0.549460970652338,12.179135015976,2.15298404231789,7.28578260774687,-1.93865456068057,3.83850473408979,2.73958279278511,1.61952945358721,0.030917011376312,0.331521938918111
2099,"ssp370",-3.21594550902302,-9.65803586342664,-9.68073857122492,-4.17911214970013,0.0546710736533913,0.225672056083807,0.755097608555543,0.531191972488465,4.21795315598194,1.86615830607602,1.82672728424527,1.75116752711896,-5.04267279326829,-1.38921822477774,-6.04527045577615,-2.31295384362412,-11.4092033905456,-7.90686833630767,-13.8986917272069,-5.46278541524298,7.22475773527724,3.27874587835331,3.27549820925572,5.27350523034323,5.18707957388487,0.506539298464693,12.4982629656205,1.95125250493401,8.46582545223818,-1.90833369553156,3.78203750772042,2.76895891079103,1.63279524817266,0.0307896831670038,0.406564488915811
2100,"ssp370",-3.18127189587969,-9.78822489683262,-9.88136700890395,-4.01608784827859,0.0540816222299548,0.216868743807044,0.770746626694508,0.538352369325794,3.39485598503897,2.34909103963611,1.59215419744113,1.68825527049009,-4.77342609332082,-1.58911769843856,-6.3651788879147,-1.66699680864247,-11.4764801673227,-8.09996962634253,-13.2762229939429,-6.48651102386497,7.78906388937764,3.23780137634645,3.31391706436389,5.18208793519221,4.41947215569032,0.484624029384763,12.9711518245698,2.60697595418543,7.65727353203677,-1.18167077934387,3.79854109374865,2.82929303497912,1.76032843899935,0.0311508204050205,0.401487370666959
